{"0.0": -0.149999999999947, "0.01": -0.14999999999999947, "0.02": -0.14999999999999947, "0.03": -0.14999999999999947, "0.04": -0.14999999999999947, "0.05": -0.14999999999999947, "0.06": -0.14999999999999947, "0.07": -0.09999999999999964, "0.08": -0.09999999999999964, "0.09": -0.09999999999999964, "0.1": -0.09999999999999964, "0.11": -0.09999999999999964, "0.12": -0.09999999999999964, "0.13": -0.09999999999999964, "0.14": -0.09999999999999964, "0.15": -0.09999999999999964, "0.16": -0.09999999999999964, "0.17": -0.09999999999999964, "0.18": -0.09999999999999964, "0.19": -0.09999999999999964, "0.2": -0.09999999999999964, "0.21": -0.04999999999999982, "0.22": -0.04999999999999982, "0.23": -0.04999999999999982, "0.24": -0.04999999999999982, "0.25": -0.04999999999999982, "0.26": -0.04999999999999982, "0.27": -0.04999999999999982, "0.28": -0.04999999999999982, "0.29": -0.04999999999999982, "0.3": -0.04999999999999982, "0.31": -0.04999999999999982, "0.32": -0.04999999999999982, "0.33": 0.0, "0.34": 0.0, "0.35": 0.0, "0.36": 0.0, "0.37": 0.0, "0.38": 0.0, "0.39": 0.0, "0.4": 0.0, "0.41": 0.0, "0.42": 0.0, "0.43": 0.05000000000000071, "0.44": 0.05000000000000071, "0.45": 0.05000000000000071, "0.46": 0.05000000000000071, "0.47": 0.05000000000000071, "0.48": 0.05000000000000071, "0.49": 0.05000000000000071, "0.5": 0.05000000000000071, "0.51": 0.05000000000000071, "0.52": 0.05000000000000071, "0.53": 0.10000000000000053, "0.54": 0.10000000000000053, "0.55": 0.10000000000000053, "0.56": 0.10000000000000053, "0.57": 0.10000000000000053, "0.58": 0.10000000000000053, "0.59": 0.10000000000000053, "0.6": 0.10000000000000053, "0.61": 0.10000000000000053, "0.62": 0.15000000000000036, "0.63": 0.15000000000000036, "0.64": 0.15000000000000036, "0.65": 0.15000000000000036, "0.66": 0.15000000000000036, "0.67": 0.15000000000000036, "0.68": 0.15000000000000036, "0.69": 0.15000000000000036, "0.7": 0.20000000000000018, "0.71": 0.20000000000000018, "0.72": 0.20000000000000018, "0.73": 0.20000000000000018, "0.74": 0.20000000000000018, "0.75": 0.20000000000000018, "0.76": 0.20000000000000018, "0.77": 0.25, "0.78": 0.25, "0.79": 0.25, "0.8": 0.25, "0.81": 0.25, "0.82": 0.25, "0.83": 0.25, "0.84": 0.3000000000000007, "0.85": 0.3000000000000007, "0.86": 0.3000000000000007, "0.87": 0.3000000000000007, "0.88": 0.3000000000000007, "0.89": 0.3000000000000007, "0.9": 0.35000000000000053, "0.91": 0.35000000000000053, "0.92": 0.35000000000000053, "0.93": 0.35000000000000053, "0.94": 0.35000000000000053, "0.95": 0.35000000000000053, "0.96": 0.40000000000000036, "0.97": 0.40000000000000036, "0.98": 0.40000000000000036, "0.99": 0.40000000000000036, "1.0": 0.40000000000000036, "1.01": 0.4500000000000002, "1.02": 0.4500000000000002, "1.03": 0.4500000000000002, "1.04": 0.4500000000000002, "1.05": 0.4500000000000002, "1.06": 0.4500000000000002, "1.07": 0.5, "1.08": 0.5, "1.09": 0.5, "1.1": 0.5, "1.11": 0.5500000000000007, "1.12": 0.5500000000000007, "1.13": 0.5500000000000007, "1.14": 0.5500000000000007, "1.15": 0.5500000000000007, "1.16": 0.6000000000000005, "1.17": 0.6000000000000005, "1.18": 0.6000000000000005, "1.19": 0.6000000000000005, "1.2": 0.6500000000000004, "1.21": 0.6500000000000004, "1.22": 0.6500000000000004, "1.23": 0.6500000000000004, "1.24": 0.7000000000000002, "1.25": 0.7000000000000002, "1.26": 0.7000000000000002, "1.27": 0.7000000000000002, "1.28": 0.75, "1.29": 0.75, "1.3": 0.75, "1.31": 0.8000000000000007, "1.32": 0.8000000000000007, "1.33": 0.8000000000000007, "1.34": 0.8000000000000007, "1.35": 0.8500000000000005, "1.36": 0.8500000000000005, "1.37": 0.8500000000000005, "1.38": 0.9000000000000004, "1.39": 0.9000000000000004, "1.4": 0.9000000000000004, "1.41": 0.9500000000000002, "1.42": 0.9500000000000002, "1.43": 0.9500000000000002, "1.44": 1.0, "1.45": 1.0, "1.46": 1.0, "1.47": 1.0500000000000007, "1.48": 1.0500000000000007, "1.49": 1.1000000000000005, "1.5": 1.1000000000000005}